,City,Latitude,Longitude,Max Temperature,Humidity,Cloudiness,Wind Speed,Country,Date
0,São João da Barra,-21.64,-41.05,91.39999999999992,38,57,9.171454,BR,1594660774
1,Palafrugell,41.92,3.16,76.99999999999994,73,40,3.35541,ES,1594660774
2,Wadena,46.44,-95.14,76.99999999999994,65,1,18.342908,US,1594660774
3,Jamestown,42.1,-79.24,73.00399999999996,68,75,13.869028000000002,US,1594660688
4,Visby,57.64,18.3,67.99999999999994,63,43,8.052984,SE,1594660774
5,Hobart,-42.88,147.33,40.99999999999994,93,90,2.23694,AU,1594660677
6,Hermanus,-34.42,19.23,51.99799999999999,73,98,11.0057448,ZA,1594660742
7,Qaanaaq,77.48,-69.36,47.372000000000014,58,33,6.7555588,GL,1594660775
8,Hilo,19.73,-155.09,73.39999999999992,78,20,3.35541,US,1594660775
9,Punta Arenas,-53.15,-70.92,33.799999999999955,85,90,6.934514000000001,CL,1594660622
10,Dikson,73.51,80.55,39.66800000000006,99,100,10.983375400000002,RU,1594660775
11,Tuktoyaktuk,69.45,-133.04,53.599999999999966,76,75,4.697574,CA,1594660775
12,Cowansville,45.2,-72.75,80.00600000000003,61,90,3.35541,CA,1594660750
13,Ushuaia,-54.8,-68.3,33.799999999999955,86,75,19.461378,AR,1594660757
14,San Cristobal,7.77,-72.22,93.19999999999999,38,40,29.974996000000004,VE,1594660775
15,Hualmay,-11.1,-77.61,67.78399999999993,67,13,10.1333382,PE,1594660776
16,Saint-Philippe,-21.36,55.77,67.99999999999994,72,34,2.23694,RE,1594660776
17,Port Alfred,-33.59,26.89,61.141999999999996,39,47,33.061973200000004,ZA,1594660776
18,Ranong,9.97,98.63,78.85399999999998,83,100,11.8334126,TH,1594660507
19,Provideniya,64.38,-173.3,49.76599999999996,65,95,4.7423128000000005,RU,1594660776
20,Bluff,-46.6,168.33,39.00200000000001,83,56,2.9974996000000003,NZ,1594660777
21,Airai,-8.93,125.41,54.536,89,18,4.3844024,TL,1594660777
22,Prince George,53.92,-122.75,60.99799999999999,62,1,9.171454,CA,1594660714
23,Kingsport,36.55,-82.56,84.00200000000001,57,40,3.35541,US,1594660556
24,Lagoa,39.05,-27.98,68.97200000000004,79,81,12.1242148,PT,1594660777
25,Moerai,-22.43,-151.33,69.54799999999994,88,100,18.007367000000002,PF,1594660777
26,Batagay-Alyta,67.8,130.41,54.33800000000002,87,61,3.8699062000000004,RU,1594660777
27,Zhigansk,66.77,123.37,56.353999999999985,87,1,6.822667,RU,1594660778
28,Albany,42.6,-73.97,84.9919999999999,43,18,1.006623,US,1594660731
29,Kapaa,22.08,-159.32,75.19999999999999,73,40,17.224438000000003,US,1594660778
30,Lüderitz,-26.65,15.16,60.80000000000001,77,3,13.869028000000002,NA,1594660778
31,Vila Velha,-20.33,-40.29,89.59999999999997,40,18,5.816044000000001,BR,1594660779
32,Thompson,55.74,-97.86,66.19999999999999,93,75,5.816044000000001,CA,1594660732
33,Barrow,71.29,-156.79,37.39999999999998,86,90,9.171454,US,1594660779
34,Mataura,-46.19,168.86,39.00200000000001,83,89,2.9974996000000003,NZ,1594660779
35,Rikitea,-23.12,-134.97,72.73399999999998,82,62,14.8532816,PF,1594660779
36,Hithadhoo,-0.6,73.08,85.406,72,4,7.7845512,MV,1594660779
37,Busselton,-33.65,115.33,57.00200000000001,74,88,24.516862400000004,AU,1594660779
38,Faanui,-16.48,-151.75,78.27800000000008,76,100,13.846658600000001,PF,1594660780
39,Tasiilaq,65.61,-37.64,46.39999999999998,70,75,8.052984,GL,1594660780
40,Ishim,56.11,69.49,68.98999999999995,74,0,7.3147938,RU,1594660780
41,Golden,39.76,-105.22,89.00600000000003,25,75,4.697574,US,1594660714
42,Anadyr,64.75,177.48,51.799999999999955,87,100,13.42164,RU,1594660780
43,Nikolskoye,59.7,30.79,64.99400000000009,55,20,8.94776,RU,1594660780
44,Ossora,59.24,163.07,50.27000000000004,92,68,3.802798,RU,1594660780
45,Sakakah,29.97,40.21,100.39999999999992,11,3,14.987498000000002,SA,1594660780
46,Lorengau,-2.02,147.27,81.608,73,80,4.250186,PG,1594660781
47,Atuona,-9.8,-139.03,79.62799999999999,78,63,20.602217400000004,PF,1594660781
48,Hokitika,-42.72,170.97,47.696000000000026,77,80,4.2054472,NZ,1594660781
49,Yashan,22.2,109.94,77.14400000000006,92,8,2.7514362,CN,1594660781
50,Shimoda,34.67,138.95,64.99400000000009,94,100,9.7977972,JP,1594660781
51,Sladkovo,55.53,70.34,68.18,79,0,7.381902,RU,1594660781
52,Svecha,58.28,47.52,70.43,82,76,7.270055,RU,1594660781
53,Mercedes,-34.65,-59.43,53.00600000000003,36,32,5.9949992000000005,AR,1594660781
54,Nhulunbuy,-12.23,136.77,73.39999999999992,60,32,14.987498000000002,AU,1594660782
55,Bredasdorp,-34.53,20.04,51.799999999999955,71,93,18.342908,ZA,1594660777
56,Constitución,-35.33,-72.42,60.476000000000056,66,0,6.106846200000001,CL,1594660782
57,Saint Simons,31.14,-81.39,89.99600000000004,59,1,8.052984,US,1594660782
58,East London,-33.02,27.91,67.60399999999998,31,4,24.986619800000003,ZA,1594660782
59,Codrington,-38.27,141.97,42.799999999999955,92,1,6.5318648,AU,1594660782
60,Avarua,-21.21,-159.78,67.99999999999994,77,84,10.289924,CK,1594660782
61,Dhidhdhoo,6.88,73.1,84.27199999999999,71,69,7.158208000000001,MV,1594660782
62,Sinnamary,5.38,-52.95,85.17199999999997,63,21,7.963506400000001,GF,1594660783
63,Laguna,38.42,-121.42,78.00799999999998,50,1,5.816044000000001,US,1594660783
64,Henties Bay,-22.12,14.28,58.99999999999994,84,0,8.008245200000001,NA,1594660783
65,Hannō,35.85,139.32,71.00600000000003,93,75,4.697574,JP,1594660783
66,Amahai,-3.33,128.92,80.00600000000003,98,98,1.006623,ID,1594660783
67,Vaini,-21.2,-175.2,69.80000000000001,77,20,11.408394,TO,1594660783
68,Yar-Sale,66.83,70.83,51.00799999999998,66,93,10.8715284,RU,1594660783
69,Cabo San Lucas,22.89,-109.91,91.39999999999992,45,75,5.816044000000001,MX,1594660604
70,Gijang,35.24,129.21,67.99999999999994,88,90,1.11847,KR,1594660784
71,Lae,-6.72,146.98,75.84800000000001,78,100,3.7580592,PG,1594660784
72,Gouré,13.98,10.27,89.99600000000004,52,70,5.010745600000001,NE,1594660784
73,Sitka,57.05,-135.33,55.39999999999992,76,90,5.816044000000001,US,1594660784
74,Quang Ngai,15.12,108.8,76.334,88,58,5.2120702,VN,1594660784
75,Saldanha,-33.01,17.94,53.599999999999966,66,94,6.934514000000001,ZA,1594660785
76,Miles City,46.41,-105.84,75.19999999999999,23,20,19.461378,US,1594660785
77,Voloshka,61.33,40.09,56.12000000000006,96,100,6.2186932,RU,1594660785
78,Half Moon Bay,37.46,-122.43,66.19999999999999,87,75,4.697574,US,1594660785
79,Chui,-33.7,-53.46,50.37800000000004,48,61,16.0612292,UY,1594660785
80,Carnarvon,-24.87,113.63,69.80000000000001,83,90,8.052984,AU,1594660785
81,Evensk,61.95,159.23,53.34800000000001,90,95,4.115969600000001,RU,1594660785
82,Ancud,-41.87,-73.82,46.39999999999998,65,16,2.23694,CL,1594660786
83,Southbridge,42.08,-72.03,80.99600000000004,69,14,2.9974996000000003,US,1594660715
84,Isiro,2.77,27.62,70.32199999999995,95,67,1.6329662,CD,1594660632
85,Geraldton,-28.77,114.6,64.39999999999992,82,75,20.803542000000004,AU,1594660786
86,Kedrovyy,56.17,91.82,62.599999999999966,93,97,4.47388,RU,1594660786
87,Lima Duarte,-21.84,-43.79,76.99999999999994,38,0,3.35541,BR,1594660786
88,Zharkent,44.16,80.0,70.24999999999994,31,0,3.7580592,KZ,1594660786
89,Sonqor,34.78,47.6,84.19999999999999,12,20,9.171454,IR,1594660786
90,Comodoro Rivadavia,-45.87,-67.5,40.99999999999994,48,40,12.750558000000002,AR,1594660787
91,Bathsheba,13.22,-59.52,89.59999999999997,62,20,23.040482000000004,BB,1594660787
92,Saint Paul Harbor,57.79,-152.41,53.599999999999966,87,90,10.289924,US,1594660660
93,Mahon,39.89,4.27,80.59999999999997,57,0,12.750558000000002,ES,1594660787
94,Licata,37.11,13.95,82.39999999999992,51,71,8.052984,IT,1594660787
95,Nānākuli,21.39,-158.15,75.19999999999999,73,40,3.35541,US,1594660787
96,Longyearbyen,78.22,15.64,49.99999999999994,71,40,4.697574,SJ,1594660787
97,Chamba,32.57,76.13,74.66000000000003,59,2,4.4962494,IN,1594660788
98,Umluj,25.02,37.27,84.46999999999997,58,0,2.9080220000000003,SA,1594660788
99,Avera,33.19,-82.53,89.99600000000004,49,40,8.052984,US,1594660788
100,Birin,26.89,88.07,65.28199999999998,99,53,3.35541,NP,1594660788
101,Dingle,11.0,122.67,77.28799999999995,86,100,0.7381902000000001,PH,1594660788
102,Sanguéya,10.7,-14.37,78.60200000000003,89,94,8.4780026,GN,1594660684
103,Mount Gambier,-37.83,140.77,37.39999999999998,100,90,2.23694,AU,1594660788
104,Kahului,20.89,-156.47,78.80000000000001,65,40,10.289924,US,1594660788
105,Arraial do Cabo,-22.97,-42.03,89.59999999999997,38,0,6.934514000000001,BR,1594660789
106,Yulara,-25.24,130.99,44.599999999999966,52,0,6.934514000000001,AU,1594660789
107,Poronaysk,49.22,143.12,52.77199999999999,94,98,4.809421,RU,1594660789
108,Kharovsk,59.96,40.19,62.78000000000003,92,98,6.0173686,RU,1594660789
109,Sangar,63.92,127.47,60.45799999999991,78,6,9.6412114,RU,1594660789
110,Tommot,58.96,126.29,67.85599999999994,89,27,3.9593838000000003,RU,1594660789
111,Aleksandrov Gay,50.15,48.57,92.66000000000003,14,0,9.0148682,RU,1594660789
112,Butaritari,3.07,172.79,82.95799999999991,75,50,5.9726298,KI,1594660786
113,Narsaq,60.92,-46.05,57.19999999999999,71,75,6.934514000000001,GL,1594660532
114,Keminmaa,65.86,24.82,58.99999999999994,77,20,1.11847,FI,1594660790
115,Castro,-24.79,-50.01,73.63399999999996,57,2,10.893897800000001,BR,1594660790
116,Monte Patria,-30.69,-70.95,79.32199999999995,15,0,4.6528352,CL,1594660790
117,Lebu,-37.62,-73.65,51.548,73,15,3.3330406000000004,CL,1594660790
118,Ashford,51.15,0.87,73.99400000000009,35,29,5.010745600000001,GB,1594660790
119,Luanda,-8.84,13.23,73.39999999999992,78,20,4.697574,AO,1594660790
120,Gawler,-34.6,138.73,44.00599999999997,92,0,3.7804286,AU,1594660524
121,Yellowknife,62.46,-114.35,60.80000000000001,93,90,14.987498000000002,CA,1594660450
122,Rawson,-43.3,-65.1,44.798,57,1,24.5839706,AR,1594660790
123,Hangu,39.25,117.79,73.39999999999992,88,8,5.2120702,CN,1594660791
124,Cape Town,-33.93,18.42,53.00600000000003,71,40,10.289924,ZA,1594660400
125,Upington,-28.45,21.26,55.39999999999992,50,20,11.408394,ZA,1594660791
126,Champawat,29.33,80.1,67.04599999999999,94,57,2.3040482000000004,IN,1594660791
127,Hobyo,5.35,48.53,78.512,72,53,24.718187000000004,SO,1594660791
128,Coyhaique,-45.58,-72.07,42.799999999999955,52,20,8.052984,CL,1594660791
129,Mar del Plata,-38.0,-57.56,46.39999999999998,52,40,19.461378,AR,1594660792
130,Clyde River,70.47,-68.59,49.99999999999994,76,75,6.934514000000001,CA,1594660792
131,Mahébourg,-20.41,57.7,71.59999999999997,83,40,16.105968,MU,1594660792
132,Pochutla,15.74,-96.47,91.00399999999996,52,40,4.160708400000001,MX,1594660792
133,Kaeo,-35.1,173.78,49.99999999999994,3,98,2.5948504,NZ,1594660792
134,Severo-Kuril'sk,50.68,156.12,47.786,90,100,7.941137,RU,1594660792
135,Altamont,42.21,-121.74,69.00799999999998,45,1,8.052984,US,1594660792
136,Boa Esperança do Sul,-21.99,-48.39,84.81200000000007,39,0,6.151585000000001,BR,1594660792
137,Upernavik,72.79,-56.15,41.30599999999998,91,99,4.921268,GL,1594660793
138,Coquimbo,-29.95,-71.34,57.19999999999999,76,20,6.934514000000001,CL,1594660793
139,Te Anau,-45.42,167.72,35.329999999999984,89,53,1.4987498000000001,NZ,1594660793
140,Grindavik,63.84,-22.43,53.599999999999966,76,75,6.934514000000001,IS,1594660794
141,Bom Jesus,-9.07,-44.36,88.59199999999993,36,45,5.2791784,BR,1594660794
142,Verkhoyansk,67.54,133.38,58.35200000000003,81,89,9.171454,RU,1594660794
143,Paramonga,-10.67,-77.83,67.262,69,32,9.9096442,PE,1594660794
144,Dakar,14.69,-17.44,85.99999999999994,70,75,12.750558000000002,SN,1594660427
145,Qian’an,44.99,124.06,72.62600000000003,76,97,5.2344396,CN,1594660794
146,Galveston,29.37,-94.97,93.9919999999999,70,75,14.987498000000002,US,1594660516
147,Eyl,7.98,49.82,80.85200000000003,69,92,25.098466800000004,SO,1594660794
148,Saskylakh,71.92,114.08,61.24999999999994,55,66,8.5674802,RU,1594660794
149,George Town,5.41,100.34,80.00600000000003,88,20,3.35541,MY,1594660795
150,Puerto Baquerizo Moreno,-0.9,-89.6,75.19999999999999,69,20,19.461378,EC,1594660795
151,Khasan,42.43,130.64,59.84600000000006,91,97,2.3264176,RU,1594660795
152,Ketchikan,55.34,-131.65,57.19999999999999,82,90,10.289924,US,1594660795
153,Roald,62.58,6.13,55.994000000000085,82,75,8.052984,NO,1594660795
154,Vao,-22.67,167.48,72.62600000000003,77,100,15.4125166,NC,1594660795
155,Torbay,47.67,-52.73,78.80000000000001,69,75,12.750558000000002,CA,1594660795
156,Tuatapere,-46.13,167.68,39.00200000000001,83,73,2.9974996000000003,NZ,1594660796
157,Denpasar,-8.65,115.22,78.80000000000001,100,40,13.869028000000002,ID,1594660342
158,Port Hardy,50.7,-127.42,55.39999999999992,87,75,5.816044000000001,CA,1594660796
159,Biryukove,47.96,39.74,71.59999999999997,88,40,13.42164,UA,1594660796
160,Amos,48.57,-78.12,60.80000000000001,87,90,8.052984,CA,1594660683
161,Bethel,41.37,-73.41,85.99999999999994,54,75,5.816044000000001,US,1594660796
162,Cidreira,-30.18,-50.21,56.156000000000006,53,94,12.168953600000002,BR,1594660797
163,St. George's,12.06,-61.75,87.80000000000001,66,20,19.461378,GD,1594660559
164,Orlik,52.52,99.83,57.00200000000001,78,83,0.6934514,RU,1594660797
165,Steamboat Springs,40.48,-106.83,78.80000000000001,31,1,4.697574,US,1594660797
166,Esperance,-33.87,121.9,53.599999999999966,40,0,19.461378,AU,1594660797
167,Ilulissat,69.22,-51.1,46.39999999999998,75,75,6.934514000000001,GL,1594660797
168,Yima,34.74,111.88,76.99999999999994,99,100,4.47388,CN,1594660797
169,Kavieng,-2.57,150.8,81.62600000000003,78,61,11.766304400000001,PG,1594660798
170,Iqaluit,63.75,-68.51,62.599999999999966,48,20,20.803542000000004,CA,1594660798
171,Tiruchchendur,8.48,78.12,86.61200000000002,67,96,6.822667,IN,1594660798
172,Hong Kong,22.29,114.16,85.99999999999994,74,12,8.9924988,HK,1594660705
173,Tabuk,17.42,121.44,74.24600000000004,93,100,3.6238428000000007,PH,1594660798
174,Portland,45.52,-122.68,66.9919999999999,67,20,3.690951,US,1594660560
175,Monaco-Ville,43.73,7.42,78.80000000000001,61,40,5.816044000000001,FR,1594660798
176,Blackwater,-23.58,148.88,47.48000000000002,59,0,8.4556332,AU,1594660798
177,Meulaboh,4.14,96.13,77.89999999999992,83,98,4.115969600000001,ID,1594660798
178,Iquitos,-3.75,-73.25,84.19999999999999,74,75,5.816044000000001,PE,1594660580
179,Batemans Bay,-35.72,150.18,53.00600000000003,100,100,5.010745600000001,AU,1594660798
180,Egvekinot,66.32,-179.17,46.74199999999996,88,46,4.854159800000001,RU,1594660799
181,Khatanga,71.97,102.5,58.76600000000002,61,26,8.4556332,RU,1594660799
182,Bandar-e Anzali,37.47,49.46,80.59999999999997,88,75,6.934514000000001,IR,1594660577
183,Curvelo,-18.76,-44.43,85.82,28,0,2.5501116,BR,1594660799
184,Ponta do Sol,32.67,-17.1,71.99600000000004,68,2,2.23694,PT,1594660799
185,Chenghai,23.46,116.77,85.99999999999994,79,92,4.47388,CN,1594660799
186,Arrondissement du Havre,49.58,0.33,69.99799999999999,52,82,10.289924,FR,1594660799
187,New Norfolk,-42.78,147.06,39.99199999999996,91,0,1.9685072000000001,AU,1594660790
188,Bengkulu,-3.8,102.27,75.90199999999999,90,100,3.9817532000000004,ID,1594660799
189,Wanning,18.8,110.4,81.24799999999999,87,29,6.688450600000001,CN,1594660800
190,San Quintín,30.48,-115.95,76.13600000000002,57,5,8.724066,MX,1594660800
191,Kindu,-2.95,25.95,72.64400000000006,88,100,1.565858,CD,1594660800
192,Lavrentiya,65.58,-171.0,43.86200000000002,78,100,5.1897008,RU,1594660800
193,Namatanai,-3.67,152.43,78.368,81,100,6.598973000000001,PG,1594660801
194,Kaitangata,-46.28,169.85,40.99999999999994,84,58,4.0041226000000005,NZ,1594660801
195,Menongue,-14.66,17.69,66.61399999999998,24,0,5.144962,AO,1594660801
196,Nanortalik,60.14,-45.24,45.48199999999997,91,100,1.3869028,GL,1594660801
197,Cherskiy,68.75,161.3,53.67199999999997,75,5,2.3935258000000004,RU,1594660801
198,Ostrovnoy,68.05,39.51,49.549999999999955,76,79,4.160708400000001,RU,1594660802
199,Trincomalee,8.57,81.23,83.19199999999995,75,71,8.7016966,LK,1594660802
200,Husavik,66.04,-17.34,57.19999999999999,71,75,12.750558000000002,IS,1594660802
201,Kromy,52.69,35.77,65.49799999999999,92,87,11.967629,RU,1594660803
202,Dhārchula,29.85,80.53,70.05200000000008,74,66,1.3197946,IN,1594660803
203,Dobson,36.4,-80.72,85.99999999999994,58,1,3.2211936,US,1594660803
204,Fare,-16.7,-151.02,79.03399999999993,79,100,12.817666200000001,PF,1594660803
205,Sola,-13.88,167.55,79.844,83,26,22.704941,VU,1594660804
206,Alice Springs,-23.7,133.88,33.799999999999955,64,0,6.2186932,AU,1594660804
207,Linxia Chengguanzhen,35.6,103.21,63.68000000000001,78,100,3.0869771999999998,CN,1594660804
208,Port Elizabeth,-33.92,25.57,57.19999999999999,58,52,13.869028000000002,ZA,1594660804
209,Ciudad del Maíz,22.4,-99.6,87.99799999999999,20,0,1.006623,MX,1594660804
210,The Valley,18.22,-63.06,89.59999999999997,70,40,16.105968,AI,1594660556
211,Lamar,33.67,-95.58,87.80000000000001,79,40,10.289924,US,1594660804
212,Vanderhoof,54.02,-124.02,59.46800000000002,51,0,9.9767524,CA,1594660804
213,Celestún,20.87,-90.4,89.09600000000006,52,0,4.6304658,MX,1594660805
214,Hasaki,35.73,140.83,69.80000000000001,94,90,3.35541,JP,1594660805
215,Tuy Hoa,13.08,109.3,78.76399999999995,87,71,4.876529200000001,VN,1594660805
216,Olafsvik,64.89,-23.71,53.23999999999995,77,21,4.250186,IS,1594660805
217,Flinders,-34.58,150.86,53.99600000000004,84,24,7.0016222,AU,1594660805
218,Asău,46.43,26.4,60.99799999999999,60,50,4.876529200000001,RO,1594660805
219,Gizo Government Station,-8.1,156.84,82.13000000000005,74,99,7.180577400000001,SB,1594660805
220,Nadym,65.53,72.52,50.43199999999996,71,100,12.661080400000001,RU,1594660805
221,Arrondissement de Cholet,47.17,-1.0,80.99600000000004,32,8,5.816044000000001,FR,1594660806
222,Padang,-0.95,100.35,79.05200000000008,70,100,3.2211936,ID,1594660806
223,Inhambane,-23.86,35.38,69.80000000000001,68,0,8.6793272,MZ,1594660806
224,Vardø,70.37,31.11,48.19999999999993,87,5,6.934514000000001,NO,1594660806
225,Cedar City,37.68,-113.06,91.39999999999992,14,1,18.342908,US,1594660741
226,Bandarbeyla,9.49,50.81,79.358,75,61,30.6013392,SO,1594660806
227,Marathon,44.9,-89.77,76.99999999999994,53,1,4.048861400000001,US,1594660806
228,Jumla,29.27,82.18,63.787999999999954,72,90,1.4316416,NP,1594660807
229,Carutapera,-1.2,-46.02,83.084,76,88,6.643711800000001,BR,1594660807
230,Ribeira Grande,38.52,-28.7,73.39999999999992,69,75,16.105968,PT,1594660808
231,Rochegda,62.8,43.25,56.24600000000004,84,100,3.7580592,RU,1594660808
232,Tezu,27.92,96.17,78.656,72,91,3.0869771999999998,IN,1594660808
233,Saint Anthony,45.02,-93.22,82.99400000000009,48,1,13.869028000000002,US,1594660808
234,Ambon City,-3.7,128.18,75.9919999999999,16,100,13.242684800000001,ID,1594660808
235,Kieta,-6.22,155.63,78.62000000000006,79,89,2.6843280000000003,PG,1594660808
236,Salgado,-11.03,-37.48,82.39999999999992,65,40,6.934514000000001,BR,1594660808
237,Port Moresby,-9.44,147.18,75.18199999999996,92,100,9.171454,PG,1594660809
238,Mount Isa,-20.73,139.5,51.799999999999955,53,15,6.934514000000001,AU,1594660809
239,Glenwood Springs,39.55,-107.32,80.00600000000003,39,40,11.408394,US,1594660809
240,Jaru,-10.44,-62.47,93.70400000000001,43,15,2.5277422,BR,1594660809
241,Bambanglipuro,-7.95,110.28,75.97399999999999,85,78,4.026492,ID,1594660809
242,Varna,43.22,27.92,73.39999999999992,38,20,13.869028000000002,BG,1594660809
243,Mazagão,-0.12,-51.29,93.19999999999999,56,40,5.816044000000001,BR,1594660810
244,Shelburne,44.08,-80.2,69.80000000000001,73,75,8.052984,CA,1594660810
245,Erice,38.04,12.59,82.39999999999992,83,20,12.750558000000002,IT,1594660810
246,Tsagan Aman,47.56,46.72,90.12200000000001,23,34,13.5558564,RU,1594660810
247,Metro,-5.11,105.31,74.67800000000005,92,29,3.3106712000000003,ID,1594660810
248,Saint-Paul,-21.01,55.27,71.59999999999997,68,8,16.105968,RE,1594660577
249,Nouadhibou,20.93,-17.03,76.99999999999994,73,0,18.342908,MR,1594660810
250,Bereda,43.27,-7.54,73.99400000000009,52,0,15.009867400000001,ES,1594660811
251,Los Llanos de Aridane,28.66,-17.92,75.19999999999999,69,40,14.987498000000002,ES,1594660672
252,Margate,51.38,1.39,75.00200000000001,39,63,4.0041226000000005,GB,1594660811
253,Santa Inês,-3.67,-45.38,85.82,66,41,3.9817532000000004,BR,1594660811
254,Cabedelo,-6.98,-34.83,84.19999999999999,48,20,12.750558000000002,BR,1594660605
255,Inuvik,68.35,-133.72,55.39999999999992,76,75,5.3686560000000005,CA,1594660787
256,Port Macquarie,-31.43,152.92,48.99199999999996,74,24,11.028114200000001,AU,1594660811
257,Doha,25.29,51.53,98.00600000000003,71,36,9.171454,QA,1594660811
258,Norman Wells,65.28,-126.83,60.80000000000001,63,20,10.289924,CA,1594660554
259,Puerto Ayora,-0.74,-90.35,76.99999999999994,65,40,18.342908,EC,1594660812
260,Hambantota,6.12,81.12,81.77000000000004,83,55,15.7033188,LK,1594660779
261,Alta Floresta,-9.88,-56.09,96.53000000000003,25,34,4.115969600000001,BR,1594660812
262,Salalah,17.02,54.09,82.39999999999992,94,75,5.816044000000001,OM,1594660813
263,Gornopravdinsk,60.05,69.9,63.15799999999996,69,2,4.697574,RU,1594660813
264,Touros,-5.2,-35.46,84.19999999999999,58,40,11.408394,BR,1594660813
265,Morgan City,29.7,-91.21,93.00200000000001,75,75,10.289924,US,1594660813
266,Bako,5.78,36.57,65.19199999999995,84,99,3.5343652000000003,ET,1594660813
267,Lingyuan,41.24,119.4,67.20799999999991,78,92,4.451510600000001,CN,1594660813
268,Jalu,29.03,21.55,91.70599999999996,14,0,6.8002976,LY,1594660813
269,Las Vegas,36.17,-115.14,103.99999999999994,11,1,9.171454,US,1594660606
270,Hue,16.47,107.6,82.39999999999992,78,20,4.697574,VN,1594660783
271,Kiryat Gat,31.61,34.76,82.99400000000009,64,0,6.3529096,IL,1594660562
272,Hlobyne,49.39,33.26,60.62000000000006,78,98,15.613841200000001,UA,1594660814
273,Boysun,38.21,67.2,73.47200000000004,36,42,1.0737312,UZ,1594660814
274,Innisfail,-17.53,146.03,62.20400000000001,65,13,7.5608572,AU,1594660814
275,Solnechnyy,50.72,136.63,60.13399999999996,89,22,2.6172198,RU,1594660814
276,Burley,42.54,-113.79,71.59999999999997,37,1,16.105968,US,1594660814
277,Atbasar,51.8,68.33,68.86399999999998,57,0,6.889775200000001,KZ,1594660814
278,Miguel Hidalgo,19.42,-99.2,67.99999999999994,49,40,3.35541,MX,1594660547
279,Pacific Grove,36.62,-121.92,58.99999999999994,82,90,6.934514000000001,US,1594660809
280,Marabu,4.41,114.01,78.80000000000001,94,40,9.171454,MY,1594660815
281,Chokurdakh,70.63,147.92,54.75200000000001,65,43,9.730689,RU,1594660815
282,Bambous Virieux,-20.34,57.76,71.99600000000004,83,40,16.105968,MU,1594660815
283,Nara,34.69,135.8,71.99600000000004,77,100,5.525241800000001,JP,1594660727
284,Gēdo,9.02,37.45,49.01000000000005,100,85,1.8119214000000003,ET,1594660815
285,Oviedo,43.36,-5.84,75.9919999999999,58,15,4.0041226000000005,ES,1594660747
286,Hofn,64.25,-15.21,53.599999999999966,93,75,9.171454,IS,1594660815
287,Barcelos,41.54,-8.62,91.99400000000009,45,20,12.750558000000002,PT,1594660706
288,Oistins,13.07,-59.53,89.59999999999997,62,20,23.040482000000004,BB,1594660768
289,Severo-Yeniseyskiy,60.37,93.04,57.84800000000001,75,37,3.6014734000000006,RU,1594660815
290,Marystown,47.17,-55.15,69.02600000000001,78,61,12.4373864,CA,1594660816
291,Chernyshevskiy,63.01,112.47,56.17399999999992,81,5,1.1632088,RU,1594660816
292,Leningradskiy,69.38,178.42,36.01400000000001,90,100,7.180577400000001,RU,1594660816
293,Rio Grande,-32.03,-52.1,58.99999999999994,33,98,13.869028000000002,BR,1594660816
294,Tiksi,71.69,128.87,48.54199999999997,86,100,9.5964726,RU,1594660816
295,Neiafu,-18.65,-173.98,73.39999999999992,83,75,11.408394,TO,1594660816
296,São Filipe,14.9,-24.5,78.368,79,60,5.391025400000001,CV,1594660807
297,College,64.86,-147.8,53.599999999999966,93,90,3.35541,US,1594660816
298,Tukan,53.84,57.46,69.49400000000009,70,40,2.013246,RU,1594660817
299,Makakilo City,21.35,-158.09,75.19999999999999,73,40,3.35541,US,1594660817
300,Deputatsky,69.3,139.9,57.488,62,86,5.122592600000001,RU,1594660817
301,Eshowe,-28.89,31.47,55.579999999999984,42,0,3.2659324,ZA,1594660817
302,Ulaanbaatar,47.91,106.88,60.80000000000001,77,1,4.563357600000001,MN,1594660817
303,Xichang,27.9,102.26,67.01000000000005,79,94,2.8632832,CN,1594660817
304,Okhotsk,59.38,143.3,59.75600000000003,68,27,4.7646822,RU,1594660794
305,Porto-Novo,6.5,2.6,80.59999999999997,83,40,14.987498000000002,BJ,1594660817
306,Mareeba,-17.0,145.43,67.99999999999994,52,46,14.987498000000002,AU,1594660817
307,Barra dos Coqueiros,-10.91,-37.04,82.39999999999992,65,40,6.934514000000001,BR,1594660817
308,Lucea,18.45,-78.17,87.80000000000001,70,40,17.224438000000003,JM,1594660818
309,Aswān,24.09,32.91,95.14400000000006,10,11,9.506995,EG,1594660818
310,Mersing,2.43,103.84,73.39999999999992,100,99,3.35541,MY,1594660818
311,San Miguel de Tucumán,-26.82,-65.22,62.599999999999966,48,23,6.934514000000001,AR,1594660818
312,Kruisfontein,-34.0,24.73,51.78199999999998,46,68,14.092722,ZA,1594660818
313,Laas,46.62,10.7,64.39999999999992,63,40,8.052984,IT,1594660818
314,Pangnirtung,66.15,-65.71,48.19999999999993,76,40,8.052984,CA,1594660819
315,Khanpur,28.65,70.66,94.72999999999996,42,8,11.8334126,PK,1594660819
316,Indian Head,38.6,-77.16,85.99999999999994,45,1,3.35541,US,1594660541
317,Fort Wayne,41.13,-85.13,80.59999999999997,44,20,11.408394,US,1594660808
318,Saint George,37.1,-113.58,103.99999999999994,15,1,5.816044000000001,US,1594660541
319,Kirovskiy,45.09,133.51,60.656000000000006,94,24,3.0422384000000005,RU,1594660819
320,Songea,-10.68,35.65,67.99999999999994,60,20,6.934514000000001,TZ,1594660819
321,Plettenberg Bay,-34.05,23.37,55.238,49,49,19.5955944,ZA,1594660819
322,Lompoc,34.64,-120.46,62.599999999999966,82,90,4.697574,US,1594660781
323,Carnduff,49.17,-101.8,71.99600000000004,68,100,5.010745600000001,CA,1594660819
324,Mandurah,-32.55,115.7,62.99600000000004,81,88,1.9908766000000002,AU,1594660820
325,Burnie,-41.07,145.92,42.00799999999998,86,0,5.010745600000001,AU,1594660820
326,Inverness,57.48,-4.22,62.99600000000004,63,40,18.342908,GB,1594660820
327,Verāval,20.9,70.37,83.96599999999995,81,6,16.844158200000003,IN,1594660820
328,Panzhihua,26.59,101.71,72.33800000000002,78,86,0.9395148,CN,1594660820
329,Provincia di Lecce,40.22,18.17,78.80000000000001,50,20,19.461378,IT,1594660821
330,Dunedin,-45.87,170.5,42.99799999999999,84,46,1.9908766000000002,NZ,1594660821
331,Mocuba,-16.84,36.99,64.63399999999996,76,22,4.7423128000000005,MZ,1594660821
332,Kaka,37.35,59.61,89.45599999999996,19,87,4.697574,TM,1594660821
333,Luena,-11.78,19.92,66.30799999999994,31,0,3.131716,AO,1594660821
334,Columbus,39.96,-83.0,84.00200000000001,51,75,6.934514000000001,US,1594660544
335,Mirny,62.54,113.96,60.80000000000001,77,20,4.47388,RU,1594660822
336,Seabra,-12.42,-41.77,81.26600000000002,38,86,8.7911742,BR,1594660810
337,Maniitsoq,65.42,-52.9,45.94999999999993,78,0,19.9982436,GL,1594660822
338,Aklavik,68.22,-135.01,57.19999999999999,82,40,3.35541,CA,1594660822
339,Mahajanga,-15.72,46.32,75.19999999999999,78,16,5.816044000000001,MG,1594660744
340,Port Blair,11.67,92.75,81.68,76,100,9.954383000000002,IN,1594660822
341,Chakrāta,30.7,77.85,64.31,89,2,3.3106712000000003,IN,1594660822
342,Bogale,16.28,95.4,76.4600000000001,93,100,4.362033,MM,1594660822
343,Kendari,-3.94,122.5,74.22800000000001,92,60,2.7738056,ID,1594660822
344,Itoman,26.12,127.67,84.19999999999999,83,40,10.289924,JP,1594660823
345,Omboué,-1.57,9.26,73.84999999999997,82,79,11.3860246,GA,1594660823
346,Whitehorse,60.72,-135.05,58.99999999999994,62,40,8.052984,CA,1594660698
347,Walker,30.73,-95.57,91.39999999999992,55,1,4.697574,US,1594660823
348,Avigliana,45.08,7.4,76.99999999999994,47,20,2.6395892,IT,1594660823
349,Baruun-Urt,46.68,113.28,64.79599999999999,71,97,3.7804286,MN,1594660823
350,Srednekolymsk,67.45,153.68,53.58199999999994,77,5,8.008245200000001,RU,1594660824
351,Buin,-33.73,-70.75,66.19999999999999,37,0,2.23694,CL,1594660824
352,Liberty,31.83,-81.5,91.00399999999996,58,1,10.289924,US,1594660824
353,Bubaque,11.28,-15.83,80.07800000000003,82,80,14.226938400000002,GW,1594660824
354,Aksha,50.28,113.29,61.75399999999996,86,18,1.7224438000000002,RU,1594660824
355,Rosetta,31.4,30.42,82.39999999999992,65,0,13.869028000000002,EG,1594660824
356,Ulladulla,-35.35,150.47,51.99799999999999,87,90,14.987498000000002,AU,1594660824
357,Fairbanks,64.84,-147.72,53.599999999999966,93,90,5.816044000000001,US,1594660632
358,Nagato,34.38,131.2,73.39999999999992,94,90,3.35541,JP,1594660825
359,Shambu,9.57,37.1,51.27800000000002,100,93,2.5948504,ET,1594660825
360,Marialva,-23.48,-51.79,84.19999999999999,51,20,9.171454,BR,1594660825
361,Tutóia,-2.76,-42.27,86.50399999999996,59,98,6.8674058,BR,1594660825
362,Nishihara,26.18,127.76,84.19999999999999,88,20,5.816044000000001,JP,1594660825
363,Kathu,7.92,98.33,80.99600000000004,94,75,2.23694,TH,1594660825
364,Balatonlelle,46.78,17.7,73.39999999999992,43,40,4.697574,HU,1594660825
365,Ust-Nera,64.57,143.2,62.16800000000006,73,60,5.704197,RU,1594660826
366,Soure,-0.72,-48.52,86.30599999999998,65,47,7.3147938,BR,1594660826
367,Castelfranco Emilia,44.6,11.05,78.80000000000001,34,30,9.171454,IT,1594660826
368,Rosarito,32.33,-117.03,76.99999999999994,65,20,5.7936746,MX,1594660826
369,Kilindoni,-7.91,39.67,77.61200000000002,75,0,11.3860246,TZ,1594660826
370,Scarborough,54.28,-0.4,64.99400000000009,73,100,1.9908766000000002,GB,1594660826
371,Vung Tau,10.35,107.08,80.02399999999994,83,100,8.231939200000001,VN,1594660544
372,Klaksvík,62.23,-6.59,51.799999999999955,100,94,6.934514000000001,FO,1594660827
373,Yārāda,17.65,83.27,82.39999999999992,94,90,2.23694,IN,1594660827
374,Kloulklubed,7.04,134.26,76.99999999999994,94,75,5.816044000000001,PW,1594660827
375,Waipawa,-41.41,175.52,37.39999999999998,100,1,4.697574,NZ,1594660827
376,Mana,5.66,-53.78,85.58600000000007,61,3,7.5161184,GF,1594660827
377,Remedios,22.49,-79.55,89.59999999999997,55,40,5.816044000000001,CU,1594660827
378,Sibu,2.3,111.82,76.99999999999994,94,40,3.35541,MY,1594660827
379,Phan Thiet,10.93,108.1,78.00799999999998,87,81,6.330540200000001,VN,1594660828
380,Kiama,-34.68,150.87,53.99600000000004,91,29,5.9949992000000005,AU,1594660828
381,Miraflores,19.22,-98.81,69.80000000000001,49,40,3.35541,MX,1594660828
382,Krasnoarmiys'k,48.28,37.18,67.87399999999997,78,100,11.564979800000001,UA,1594660828
383,Peniche,39.36,-9.38,85.99999999999994,64,0,7.0016222,PT,1594660828
384,Kenai,60.55,-151.26,57.00200000000001,71,90,9.171454,US,1594660828
385,Ust-Tsilma,65.44,52.15,60.80000000000001,58,25,0.33554100000000003,RU,1594660828
386,Xihe,31.69,113.47,70.46599999999995,90,98,3.2659324,CN,1594660829
387,Baiima,8.1,-11.85,78.63799999999998,92,91,4.3396636,SL,1594660829
388,Pingliang,35.54,106.69,67.37000000000006,77,100,5.0554844,CN,1594660829
389,Katsuura,35.13,140.3,73.00399999999996,93,100,14.8309122,JP,1594660829
390,Juradó,7.11,-77.76,82.67000000000002,77,100,8.299047400000001,CO,1594660829
391,Rusape,-18.53,32.13,54.1760000000001,47,0,2.7738056,ZW,1594660829
392,Arkadelphia,34.12,-93.05,93.00200000000001,48,1,3.35541,US,1594660829
393,Quatre Cocos,-20.21,57.76,71.99600000000004,83,40,16.105968,MU,1594660830
394,Grand Gaube,-20.01,57.66,71.99600000000004,79,16,5.9949992000000005,MU,1594660805
395,Shingū,33.73,135.98,70.03399999999993,96,100,1.4763804000000003,JP,1594660830
396,San Patricio,19.22,-104.7,89.59999999999997,62,40,5.816044000000001,MX,1594660830
397,Kannur,11.87,75.36,76.99999999999994,94,75,2.23694,IN,1594660830
398,Stornoway,58.21,-6.39,55.39999999999992,87,95,19.461378,GB,1594660626
399,Bilma,18.69,12.92,102.70400000000001,17,52,4.6752046,NE,1594660830
400,Nizhniy Ingash,56.2,96.53,62.67199999999997,78,88,4.6752046,RU,1594660830
401,Odesa,46.48,30.73,69.80000000000001,49,40,22.369400000000002,UA,1594660650
402,Lázaro Cárdenas,17.96,-102.2,86.70200000000006,63,98,2.013246,MX,1594660831
403,Awjilah,29.11,21.29,91.7419999999999,14,0,7.381902,LY,1594660831
404,Palmer,42.16,-72.33,85.99999999999994,48,75,6.934514000000001,US,1594660831
405,Tigre,-34.43,-58.58,53.599999999999966,30,28,17.224438000000003,AR,1594660831
406,Matamoros,25.53,-103.25,91.00399999999996,24,20,6.934514000000001,MX,1594660749
407,Goderich,43.75,-81.72,69.00799999999998,89,63,2.9974996000000003,CA,1594660831
408,Algiers,36.75,3.04,84.19999999999999,62,37,11.408394,DZ,1594660753
409,Birjand,32.87,59.22,82.39999999999992,18,20,9.171454,IR,1594660831
410,Souillac,-20.52,57.52,71.59999999999997,83,40,16.105968,MU,1594660536
411,Dudinka,69.41,86.18,58.99999999999994,72,100,6.71082,RU,1594660832
412,Charters Towers,-20.1,146.27,50.072,48,21,11.139961200000002,AU,1594660832
413,Ranau,5.95,116.66,76.99999999999994,94,20,2.23694,MY,1594660832
414,Fortuna,40.6,-124.16,57.991999999999905,87,90,9.171454,US,1594660832
415,Plouzané,48.38,-4.62,69.80000000000001,43,7,10.289924,FR,1594660832
416,Durango,24.83,-104.83,78.47600000000006,30,78,3.4448876000000004,MX,1594660772
417,Abalak,58.13,68.59,65.60599999999994,65,0,4.160708400000001,RU,1594660832
418,Río Gallegos,-51.62,-69.22,33.799999999999955,80,75,25.277422000000005,AR,1594660833
419,Mariveles,14.48,120.48,78.00799999999998,91,100,2.7961750000000003,PH,1594660833
420,Tynda,55.17,124.72,66.45200000000006,72,73,2.0579848000000003,RU,1594660833
421,Kangaatsiaq,68.31,-53.46,41.61200000000002,93,98,15.5691024,GL,1594660833
422,Talnakh,69.49,88.4,58.99999999999994,72,100,6.71082,RU,1594660833
423,Havelock,34.88,-76.9,85.99999999999994,79,68,5.9949992000000005,US,1594660833
424,Kenora,49.82,-94.43,75.19999999999999,60,90,14.987498000000002,CA,1594660735
425,Wagar,16.15,36.2,96.54799999999994,26,8,12.817666200000001,SD,1594660833
426,Chipoka,-13.99,34.52,70.57400000000001,63,0,2.9527608000000005,MW,1594660834
427,Shenjiamen,29.96,122.3,75.9919999999999,97,100,4.6304658,CN,1594660834
428,Yeppoon,-23.13,150.73,51.799999999999955,57,0,8.052984,AU,1594660834
429,Longyan,25.11,117.02,76.76600000000002,77,78,0.7381902000000001,CN,1594660834
430,Burē,10.7,37.07,57.343999999999994,95,92,0.6487126,ET,1594660834
431,Chicama,-7.84,-79.15,73.97600000000006,55,3,10.222815800000001,PE,1594660834
432,Camden,39.78,-74.97,84.9919999999999,55,56,1.006623,US,1594660835
433,Pevek,69.7,170.31,42.60200000000003,69,90,1.6105968,RU,1594660802
434,Tiarei,-17.53,-149.33,78.80000000000001,69,75,4.697574,PF,1594660835
435,Hailey,43.52,-114.32,75.00200000000001,26,5,3.35541,US,1594660835
436,Pacifica,37.61,-122.49,64.00399999999996,67,20,17.224438000000003,US,1594660835
437,Tarko-Sale,64.92,77.78,57.991999999999905,80,56,20.445631600000002,RU,1594660835
438,Qaqortoq,60.72,-46.03,57.19999999999999,71,75,6.934514000000001,GL,1594660835
439,Agadez,19.75,10.25,99.08600000000007,17,98,8.1872004,NE,1594660836
440,Morondava,-20.28,44.28,71.59999999999997,75,0,13.533487000000001,MG,1594660836
441,Manggar,-2.88,108.27,81.15799999999996,83,30,11.922890200000001,ID,1594660816
442,Ambilobe,-13.2,49.05,70.73600000000005,74,20,1.3645334,MG,1594660836
443,Vanimo,-2.67,141.3,77.43199999999996,83,82,2.7961750000000003,PG,1594660836
444,Viedma,-40.81,-63.0,48.73999999999995,48,0,22.123336600000002,AR,1594660836
445,Kumertau,52.77,55.78,75.57800000000003,66,45,6.2858014,RU,1594660836
446,Trairi,-3.28,-39.27,84.45200000000006,55,65,13.2650542,BR,1594660836
447,Govardhan,27.5,77.47,97.75399999999996,38,37,6.889775200000001,IN,1594660837
448,Deloraine,-41.53,146.67,37.39999999999998,93,75,11.408394,AU,1594660837
449,Phalombe,-15.81,35.65,59.63000000000005,83,35,4.2054472,MW,1594660837
450,Santa María Zolotepec,19.42,-99.49,64.39999999999992,52,20,3.35541,MX,1594660837
451,Mitú,1.2,-70.17,86.25200000000001,59,90,1.2526864000000002,CO,1594660837
452,Coruripe,-10.13,-36.18,79.93399999999991,71,37,7.1358386000000005,BR,1594660837
453,Sterling,39.01,-77.43,85.99999999999994,51,1,4.697574,US,1594660770
454,Tipperary,52.47,-8.16,60.99799999999999,80,98,5.010745600000001,IE,1594660838
455,Ishinomaki,38.42,141.3,64.13000000000005,92,86,4.854159800000001,JP,1594660632
456,Baykit,61.67,96.37,60.15199999999999,80,27,2.6843280000000003,RU,1594660838
457,Beni Suef,29.07,31.1,91.56200000000007,15,0,7.583226600000001,EG,1594660838
458,Krasnyy Yar,46.53,48.35,87.00799999999998,45,67,6.71082,RU,1594660838
459,Gariāband,20.64,82.06,79.10599999999994,83,100,5.6147194,IN,1594660746
460,Pokhara,28.23,83.98,73.41800000000006,82,98,2.3264176,NP,1594660838
461,Belyy Yar,53.6,91.39,66.19999999999999,82,100,4.362033,RU,1594660839
462,Saint-Augustin,51.23,-58.65,63.22999999999996,88,100,8.2543086,CA,1594660839
463,Montepuez,-13.13,39.0,70.03399999999993,41,6,5.0554844,MZ,1594660839
464,Hawalli,29.28,48.0,103.99999999999994,13,7,4.697574,KW,1594660839
465,Bar Harbor,44.39,-68.2,82.39999999999992,65,1,10.289924,US,1594660598
466,Wadgassen,49.27,6.78,76.99999999999994,27,72,4.697574,DE,1594660840
467,Tigil',57.8,158.67,49.370000000000005,91,21,0.8724066000000001,RU,1594660840
468,Nuuk,64.18,-51.72,55.39999999999992,62,20,8.052984,GL,1594660840
469,Robertsport,6.75,-11.37,77.36000000000007,86,95,14.987498000000002,LR,1594660807
470,Grapevine,32.93,-97.08,98.99600000000004,47,20,12.750558000000002,US,1594660840
471,Mayo,38.89,-76.51,87.00799999999998,54,1,5.816044000000001,US,1594660791
472,Guerrero Negro,27.98,-114.06,81.35599999999994,41,0,10.4241404,MX,1594660840
473,Guilin,25.28,110.29,78.80000000000001,94,72,0.5816044,CN,1594660840
474,Shache,38.42,77.24,69.368,45,59,0.9842536000000001,CN,1594660840
475,Port-Cartier,50.03,-66.87,60.80000000000001,87,90,6.934514000000001,CA,1594660840
476,Isabela,6.71,121.97,78.09800000000001,84,100,2.8632832,PH,1594660841
477,Pahrump,36.21,-115.98,102.9919999999999,14,0,8.008245200000001,US,1594660610
478,Magadan,59.57,150.8,52.82600000000008,81,36,0.9171454,RU,1594660841
479,Broome,42.25,-75.83,78.99799999999999,68,90,8.052984,US,1594660841
480,Payo,-3.75,103.64,72.86000000000007,95,100,2.013246,ID,1594660841
481,Tura,25.52,90.22,76.22600000000006,95,99,4.9436374,IN,1594660748
482,Susanville,40.42,-120.65,78.99799999999999,27,1,4.697574,US,1594660841
483,Constantine,36.37,6.61,89.59999999999997,29,40,5.816044000000001,DZ,1594660841
484,Stephenville,32.22,-98.2,98.99600000000004,34,1,9.171454,US,1594660765
485,Nome,64.5,-165.41,51.99799999999999,81,1,1.006623,US,1594660842
486,Mazatlán,23.22,-106.42,87.99799999999999,66,75,4.697574,MX,1594660672
487,Niesky,51.29,14.82,75.00200000000001,40,72,1.3421640000000001,DE,1594660842
488,Vestmanna,62.16,-7.17,51.799999999999955,100,99,6.934514000000001,FO,1594660842
489,Katobu,-4.94,122.53,74.76800000000009,88,19,6.2186932,ID,1594660842
490,Rabo de Peixe,37.8,-25.58,73.39999999999992,60,75,8.052984,PT,1594660842
491,Caravelas,-17.71,-39.25,81.10399999999998,61,41,7.449010200000001,BR,1594660663
492,Acapulco de Juárez,16.86,-99.89,87.80000000000001,62,20,4.1830778,MX,1594660814
493,Masvingo,-20.06,30.83,57.19999999999999,47,0,4.2725554,ZW,1594660842
494,Hājīganj,23.25,90.86,80.67199999999997,89,97,9.3280398,BD,1594660843
495,Rocha,-34.48,-54.33,48.523999999999944,51,7,18.723187799999998,UY,1594660800
496,Imbituba,-28.24,-48.67,62.599999999999966,77,75,11.408394,BR,1594660562
497,Cayenne,4.93,-52.33,89.59999999999997,55,75,2.23694,GF,1594660843
498,Aripuanã,-9.17,-60.63,96.27800000000008,31,26,3.5567346000000004,BR,1594660843
499,Bairiki Village,1.33,172.98,80.59999999999997,78,20,4.697574,KI,1594660843
500,Santa Maria,-29.68,-53.81,57.19999999999999,47,81,4.697574,BR,1594660843
501,Hazorasp,41.32,61.07,82.39999999999992,39,0,6.934514000000001,UZ,1594660843
502,Usinsk,65.99,57.53,56.31800000000004,69,56,6.7779282,RU,1594660844
503,Honiara,-9.43,159.95,75.19999999999999,94,40,3.35541,SB,1594660844
504,Praia,14.92,-23.51,82.39999999999992,78,75,9.171454,CV,1594660793
505,São José da Coroa Grande,-8.9,-35.15,80.45599999999996,66,3,7.5384878,BR,1594660844
506,Malmesbury,-33.46,18.73,53.99600000000004,71,40,10.289924,ZA,1594660844
507,Dover,39.16,-75.52,82.39999999999992,58,40,5.816044000000001,US,1594660844
508,Broken Hill,-31.95,141.43,40.99999999999994,80,0,8.052984,AU,1594660845
509,Tyrma,50.08,132.17,64.32800000000003,92,0,0.4250186,RU,1594660845
510,Brae,60.4,-1.35,55.39999999999992,93,75,11.408394,GB,1594660845
511,Alofi,-19.06,-169.92,71.59999999999997,73,90,19.461378,NU,1594660845
512,Sretensk,52.25,117.71,63.914000000000044,87,100,1.8342908,RU,1594660845
513,Marsabit,2.33,37.99,73.868,47,47,17.1349604,KE,1594660845
514,Biltine,14.53,20.92,94.47800000000001,28,74,12.370278200000001,TD,1594660845
515,Kondinskoye,59.65,67.41,66.36200000000002,59,0,8.008245200000001,RU,1594660845
516,Port Lincoln,-34.73,135.87,52.178,81,0,7.381902,AU,1594660794
517,Batagay,67.63,134.63,57.54199999999997,85,94,8.276678,RU,1594660846
518,Mae Sai,20.43,99.88,75.00200000000001,100,20,1.7895520000000003,TH,1594660846
519,Neuquén,-38.95,-68.06,46.39999999999998,39,0,11.408394,AR,1594660846
520,Mastic Beach,40.77,-72.85,82.39999999999992,58,40,9.171454,US,1594660784
521,Serenje,-13.23,30.24,58.910000000000025,62,0,6.7555588,ZM,1594660846
522,Hay River,60.82,-115.8,53.599999999999966,100,90,23.040482000000004,CA,1594660846
523,Micomeseng,2.15,10.62,72.15799999999996,94,66,4.563357600000001,GQ,1594660847
524,Kawalu,-7.38,108.21,72.86000000000007,92,99,1.1408394000000002,ID,1594660847
525,Isugod,9.34,118.12,79.03399999999993,81,85,3.243563,PH,1594660847
526,Erenhot,43.65,111.98,74.156,48,0,8.8806518,CN,1594660847
527,Natal,-5.79,-35.21,84.19999999999999,58,40,11.408394,BR,1594660847
528,La Tuque,47.43,-72.78,66.488,75,98,3.6685816,CA,1594660847
529,Gusau,12.16,6.66,84.46999999999997,60,32,8.2095698,NG,1594660847
530,Qingdao,36.1,120.37,66.19999999999999,88,34,2.23694,CN,1594660847
531,Guarujá,-23.99,-46.26,73.39999999999992,83,40,8.052984,BR,1594660600
532,Texarkana,33.43,-94.05,89.99600000000004,59,20,3.35541,US,1594660848
533,Kyren,51.68,102.14,63.75200000000001,74,78,1.7000744,RU,1594660848
534,Karlshamn,56.17,14.86,62.99600000000004,72,20,9.171454,SE,1594660572
535,Richards Bay,-28.78,32.04,64.84999999999997,44,0,2.4382646000000006,ZA,1594660848
536,Mayskiy,47.69,40.1,71.59999999999997,88,40,13.42164,RU,1594660848
537,Artigas,-30.4,-56.47,55.54400000000004,57,50,11.989998400000001,UY,1594660848
538,Tabou,4.42,-7.35,77.25200000000001,76,89,10.066230000000001,CI,1594660848
539,Saint-Ambroise,48.55,-71.33,73.00399999999996,73,90,9.171454,CA,1594660848
540,Stavyshche,50.4,29.53,66.00200000000001,63,41,11.184700000000001,UA,1594660848
541,Camacha,33.08,-16.33,73.39999999999992,69,75,17.224438000000003,PT,1594660848
542,Cândido Mendes,-1.45,-45.72,84.73999999999995,68,86,6.263432,BR,1594660849
543,Puerto Escondido,15.85,-97.07,85.99999999999994,70,5,6.934514000000001,MX,1594660849
544,Russell,32.35,-85.2,84.9919999999999,74,40,4.5186188000000005,US,1594660849
545,Coos Bay,43.37,-124.22,69.00799999999998,67,1,16.105968,US,1594660809
546,Murdochville,48.96,-65.5,58.44199999999995,87,100,7.113469200000001,CA,1594660849
547,Sisimiut,66.94,-53.67,46.346000000000004,76,11,17.291546200000003,GL,1594660849
548,Mahibadhoo,3.78,72.97,84.66800000000006,66,7,0.7605596000000001,MV,1594660849
549,Luganville,-15.53,167.17,76.56800000000004,81,40,9.864905400000001,VU,1594660849
550,Chimoré,-16.98,-65.13,85.31599999999997,56,76,3.3106712000000003,BO,1594660850
551,Kuusamo,65.97,29.18,55.39999999999992,76,40,8.052984,FI,1594660850
